ImgLabel,Notes
TY02 17314 TG26 VEH F P57_79,
TY02 17313 TG26 VEH F P57_50,
TY02 17362 TG26 VEH M P57_92,
TY02 17362 TG26 VEH M P57_90,
TY02 17362 TG26 VEH M P57_38,
TY02 17310 TG26 VEH M P57_51,
TY02 17313 TG26 VEH F P57_46,
TY02 17317 TG26 VEH F P57_57,
TY02 17338 TG26 VEH F P57_84,
TY02 17315 TG26 VEH F P57_118,
TY02 17341 TG26 VEH M P57_115,
TY02 17310 TG26 VEH M P57_27,
TY02 17315 TG26 VEH F P57_92,
TY02 17310 TG26 VEH M P57_102,
TY02 17312 TG26 VEH F P57_79,
TY02 17362 TG26 VEH M P57_13,
TY02 17314 TG26 VEH F P57_105,
TY02 17338 TG26 VEH F P57_35,
TY02 17341 TG26 VEH M P57_89,
TY02 17339 TG26 VEH F P57_110,
TY02 17314 TG26 VEH F P57_26,
TY02 17362 TG26 VEH M P57_26,
TY02 17317 TG26 VEH F P57_156,
TY02 17341 TG26 VEH M P57_13,
TY02 17338 TG26 VEH F P57_13,
TY02 17312 TG26 VEH F P57_142,
TY02 17317 TG26 VEH F P57_117,
TY02 17317 TG26 VEH F P57_194,
TY02 17315 TG26 VEH F P57_45,
TY02 17341 TG26 VEH M P57_27,
TY02 17312 TG26 VEH F P57_40,
TY02 17310 TG26 VEH M P57_172,
TY02 17338 TG26 VEH F P57_28,
TY02 17312 TG26 VEH F P57_27,
TY02 17315 TG26 VEH F P57_38,
TY02 17309 TG26 VEH M P57_28,
TY02 17339 TG26 VEH F P57_72,
TY02 17314 TG26 VEH F P57_113,
TY02 17312 TG26 VEH F P57_107,
TY02 17313 TG26 VEH F P57_6,
TY02 17309 TG26 VEH M P57_36,
TY02 17309 TG26 VEH M P57_18,
TY02 17313 TG26 VEH F P57_58,
TY02 17317 TG26 VEH F P57_145,
TY02 17317 TG26 VEH F P57_45,
TY02 17312 TG26 VEH F P57_7,
TY02 17338 TG26 VEH F P57_45,
TY02 17339 TG26 VEH F P57_101,
TY02 17312 TG26 VEH F P57_49,
TY02 17314 TG26 VEH F P57_123,
TY02 17339 TG26 VEH F P57_1,
TY02 17310 TG26 VEH M P57_103,
TY02 17339 TG26 VEH F P57_22,
TY02 17314 TG26 VEH F P57_15,
TY02 17338 TG26 VEH F P57_7,
TY02 17309 TG26 VEH M P57_30,
TY02 17339 TG26 VEH F P57_136,
TY02 17315 TG26 VEH F P57_104,
TY02 17339 TG26 VEH F P57_127,
TY02 17339 TG26 VEH F P57_81,
TY02 17315 TG26 VEH F P57_119,
TY02 17314 TG26 VEH F P57_116,
TY02 17310 TG26 VEH M P57_80,
TY02 17362 TG26 VEH M P57_10,
TY02 17315 TG26 VEH F P57_142,
TY02 17315 TG26 VEH F P57_24,
TY02 17312 TG26 VEH F P57_89,
TY02 17315 TG26 VEH F P57_90,
TY02 17310 TG26 VEH M P57_20,
TY02 17315 TG26 VEH F P57_51,
TY02 17339 TG26 VEH F P57_34,
TY02 17339 TG26 VEH F P57_134,
TY02 17314 TG26 VEH F P57_70,
TY02 17362 TG26 VEH M P57_23,
TY02 17362 TG26 VEH M P57_24,
TY02 17315 TG26 VEH F P57_69,
TY02 17317 TG26 VEH F P57_50,
TY02 17312 TG26 VEH F P57_47,
TY02 17310 TG26 VEH M P57_98,
TY02 17317 TG26 VEH F P57_184,
TY02 17341 TG26 VEH M P57_110,
TY02 17312 TG26 VEH F P57_71,
TY02 17315 TG26 VEH F P57_130,
TY02 17315 TG26 VEH F P57_102,
TY02 17315 TG26 VEH F P57_28,
TY02 17313 TG26 VEH F P57_118,
TY02 17317 TG26 VEH F P57_168,
TY02 17341 TG26 VEH M P57_131,
TY02 17338 TG26 VEH F P57_33,
TY02 17313 TG26 VEH F P57_38,
TY02 17313 TG26 VEH F P57_7,
TY02 17339 TG26 VEH F P57_142,
TY02 17341 TG26 VEH M P57_129,
TY02 17312 TG26 VEH F P57_50,
TY02 17315 TG26 VEH F P57_88,
TY02 17341 TG26 VEH M P57_42,
TY02 17315 TG26 VEH F P57_143,
TY02 17317 TG26 VEH F P57_90,
TY02 17362 TG26 VEH M P57_88,
TY02 17310 TG26 VEH M P57_19,
TY02 17310 TG26 VEH M P57_74,
TY02 17317 TG26 VEH F P57_79,
TY02 17362 TG26 VEH M P57_15,
TY02 17310 TG26 VEH M P57_47,
TY02 17315 TG26 VEH F P57_109,
TY02 17310 TG26 VEH M P57_118,
TY02 17315 TG26 VEH F P57_18,
TY02 17338 TG26 VEH F P57_69,
TY02 17362 TG26 VEH M P57_49,
TY02 17312 TG26 VEH F P57_65,
TY02 17314 TG26 VEH F P57_95,
TY02 17310 TG26 VEH M P57_40,
TY02 17339 TG26 VEH F P57_111,
TY02 17341 TG26 VEH M P57_111,
TY02 17310 TG26 VEH M P57_55,
TY02 17310 TG26 VEH M P57_169,
TY02 17317 TG26 VEH F P57_1,
TY02 17317 TG26 VEH F P57_9,
TY02 17362 TG26 VEH M P57_78,
TY02 17338 TG26 VEH F P57_30,
TY02 17338 TG26 VEH F P57_4,
TY02 17315 TG26 VEH F P57_144,
TY02 17315 TG26 VEH F P57_108,
TY02 17314 TG26 VEH F P57_62,
TY02 17313 TG26 VEH F P57_21,
TY02 17313 TG26 VEH F P57_73,
TY02 17317 TG26 VEH F P57_23,
TY02 17317 TG26 VEH F P57_56,
TY02 17315 TG26 VEH F P57_95,
TY02 17314 TG26 VEH F P57_2,
TY02 17312 TG26 VEH F P57_148,
TY02 17339 TG26 VEH F P57_124,
TY02 17341 TG26 VEH M P57_117,
TY02 17310 TG26 VEH M P57_93,
TY02 17312 TG26 VEH F P57_52,
TY02 17309 TG26 VEH M P57_31,
TY02 17309 TG26 VEH M P57_2,
TY02 17362 TG26 VEH M P57_32,
TY02 17317 TG26 VEH F P57_133,
TY02 17317 TG26 VEH F P57_66,
TY02 17312 TG26 VEH F P57_11,
TY02 17339 TG26 VEH F P57_21,
TY02 17339 TG26 VEH F P57_17,
TY02 17315 TG26 VEH F P57_66,
TY02 17317 TG26 VEH F P57_19,
TY02 17362 TG26 VEH M P57_45,
TY02 17339 TG26 VEH F P57_32,
TY02 17315 TG26 VEH F P57_98,
TY02 17315 TG26 VEH F P57_78,
TY02 17315 TG26 VEH F P57_135,
TY02 17317 TG26 VEH F P57_25,
TY02 17313 TG26 VEH F P57_17,
TY02 17315 TG26 VEH F P57_19,
TY02 17313 TG26 VEH F P57_116,
TY02 17317 TG26 VEH F P57_129,
TY02 17312 TG26 VEH F P57_82,
TY02 17310 TG26 VEH M P57_49,
TY02 17312 TG26 VEH F P57_17,
TY02 17338 TG26 VEH F P57_46,
TY02 17312 TG26 VEH F P57_136,
TY02 17339 TG26 VEH F P57_15,
TY02 17362 TG26 VEH M P57_34,
TY02 17317 TG26 VEH F P57_62,
TY02 17315 TG26 VEH F P57_113,
TY02 17362 TG26 VEH M P57_6,
TY02 17313 TG26 VEH F P57_117,
TY02 17317 TG26 VEH F P57_36,
TY02 17315 TG26 VEH F P57_150,
TY02 17310 TG26 VEH M P57_156,
TY02 17310 TG26 VEH M P57_88,
TY02 17314 TG26 VEH F P57_63,
TY02 17317 TG26 VEH F P57_26,
TY02 17362 TG26 VEH M P57_68,
TY02 17341 TG26 VEH M P57_93,
TY02 17310 TG26 VEH M P57_164,
TY02 17315 TG26 VEH F P57_151,
TY02 17315 TG26 VEH F P57_56,
TY02 17309 TG26 VEH M P57_51,
TY02 17362 TG26 VEH M P57_83,
TY02 17313 TG26 VEH F P57_104,
TY02 17313 TG26 VEH F P57_86,
TY02 17317 TG26 VEH F P57_148,
TY02 17312 TG26 VEH F P57_122,
TY02 17314 TG26 VEH F P57_106,
TY02 17339 TG26 VEH F P57_122,
TY02 17339 TG26 VEH F P57_116,
TY02 17362 TG26 VEH M P57_20,
TY02 17341 TG26 VEH M P57_71,
TY02 17314 TG26 VEH F P57_119,
TY02 17310 TG26 VEH M P57_76,
TY02 17315 TG26 VEH F P57_7,
TY02 17339 TG26 VEH F P57_49,
TY02 17317 TG26 VEH F P57_116,
TY02 17317 TG26 VEH F P57_54,
TY02 17338 TG26 VEH F P57_79,
TY02 17317 TG26 VEH F P57_64,
TY02 17315 TG26 VEH F P57_136,
TY02 17312 TG26 VEH F P57_104,
TY02 17310 TG26 VEH M P57_24,
TY02 17317 TG26 VEH F P57_55,
TY02 17310 TG26 VEH M P57_94,
TY02 17315 TG26 VEH F P57_148,
TY02 17312 TG26 VEH F P57_66,
TY02 17341 TG26 VEH M P57_12,
TY02 17315 TG26 VEH F P57_37,
TY02 17315 TG26 VEH F P57_85,
TY02 17317 TG26 VEH F P57_65,
TY02 17341 TG26 VEH M P57_109,
TY02 17310 TG26 VEH M P57_64,
TY02 17314 TG26 VEH F P57_64,
TY02 17312 TG26 VEH F P57_15,
TY02 17339 TG26 VEH F P57_41,
TY02 17339 TG26 VEH F P57_89,
TY02 17338 TG26 VEH F P57_42,
TY02 17339 TG26 VEH F P57_91,
TY02 17309 TG26 VEH M P57_64,
TY02 17362 TG26 VEH M P57_97,
TY02 17341 TG26 VEH M P57_6,
TY02 17313 TG26 VEH F P57_128,
TY02 17362 TG26 VEH M P57_76,
TY02 17309 TG26 VEH M P57_12,
TY02 17317 TG26 VEH F P57_67,
TY02 17315 TG26 VEH F P57_20,
TY02 17317 TG26 VEH F P57_193,
TY02 17362 TG26 VEH M P57_94,
TY02 17362 TG26 VEH M P57_36,
TY02 17310 TG26 VEH M P57_68,
TY02 17310 TG26 VEH M P57_63,
TY02 17341 TG26 VEH M P57_118,
TY02 17314 TG26 VEH F P57_121,
TY02 17314 TG26 VEH F P57_69,
TY02 17341 TG26 VEH M P57_61,
TY02 17309 TG26 VEH M P57_65,
TY02 17312 TG26 VEH F P57_56,
TY02 17314 TG26 VEH F P57_12,
TY02 17317 TG26 VEH F P57_17,
TY02 17339 TG26 VEH F P57_120,
TY02 17310 TG26 VEH M P57_43,
TY02 17362 TG26 VEH M P57_25,
TY02 17313 TG26 VEH F P57_62,
TY02 17317 TG26 VEH F P57_141,
TY02 17313 TG26 VEH F P57_23,
TY02 17317 TG26 VEH F P57_96,
TY02 17314 TG26 VEH F P57_54,
TY02 17312 TG26 VEH F P57_115,
TY02 17341 TG26 VEH M P57_157,
TY02 17309 TG26 VEH M P57_7,
TY02 17317 TG26 VEH F P57_98,
TY02 17312 TG26 VEH F P57_145,
TY02 17310 TG26 VEH M P57_29,
TY02 17309 TG26 VEH M P57_50,
TY02 17317 TG26 VEH F P57_160,
TY02 17317 TG26 VEH F P57_136,
TY02 17341 TG26 VEH M P57_112,
TY02 17310 TG26 VEH M P57_33,
TY02 17317 TG26 VEH F P57_84,
TY02 17315 TG26 VEH F P57_21,
TY02 17312 TG26 VEH F P57_81,
TY02 17314 TG26 VEH F P57_48,
TY02 17312 TG26 VEH F P57_42,
TY02 17317 TG26 VEH F P57_68,
TY02 17310 TG26 VEH M P57_104,
TY02 17317 TG26 VEH F P57_87,
TY02 17310 TG26 VEH M P57_146,
TY02 17362 TG26 VEH M P57_52,
TY02 17312 TG26 VEH F P57_106,
TY02 17309 TG26 VEH M P57_26,
TY02 17312 TG26 VEH F P57_67,
TY02 17362 TG26 VEH M P57_96,
TY02 17317 TG26 VEH F P57_135,
TY02 17315 TG26 VEH F P57_72,
TY02 17313 TG26 VEH F P57_59,
TY02 17317 TG26 VEH F P57_202,
TY02 17315 TG26 VEH F P57_52,
TY02 17339 TG26 VEH F P57_11,
TY02 17315 TG26 VEH F P57_35,
TY02 17315 TG26 VEH F P57_67,
TY02 17312 TG26 VEH F P57_103,
TY02 17312 TG26 VEH F P57_146,
TY02 17339 TG26 VEH F P57_26,
TY02 17338 TG26 VEH F P57_6,
TY02 17317 TG26 VEH F P57_154,
TY02 17310 TG26 VEH M P57_61,
TY02 17338 TG26 VEH F P57_44,
TY02 17339 TG26 VEH F P57_16,
TY02 17312 TG26 VEH F P57_37,
TY02 17310 TG26 VEH M P57_114,
TY02 17310 TG26 VEH M P57_77,
TY02 17317 TG26 VEH F P57_196,
TY02 17315 TG26 VEH F P57_82,
TY02 17317 TG26 VEH F P57_77,
TY02 17310 TG26 VEH M P57_152,
TY02 17309 TG26 VEH M P57_41,
TY02 17317 TG26 VEH F P57_38,
TY02 17313 TG26 VEH F P57_71,
TY02 17310 TG26 VEH M P57_112,
TY02 17314 TG26 VEH F P57_122,
TY02 17362 TG26 VEH M P57_93,
TY02 17339 TG26 VEH F P57_103,
TY02 17314 TG26 VEH F P57_67,
TY02 17312 TG26 VEH F P57_111,
TY02 17341 TG26 VEH M P57_139,
TY02 17312 TG26 VEH F P57_119,
TY02 17313 TG26 VEH F P57_65,
TY02 17313 TG26 VEH F P57_127,
TY02 17314 TG26 VEH F P57_118,
TY02 17339 TG26 VEH F P57_19,
TY02 17310 TG26 VEH M P57_144,
TY02 17339 TG26 VEH F P57_137,
TY02 17317 TG26 VEH F P57_69,
TY02 17310 TG26 VEH M P57_5,
TY02 17315 TG26 VEH F P57_94,
TY02 17314 TG26 VEH F P57_30,
TY02 17312 TG26 VEH F P57_26,
TY02 17312 TG26 VEH F P57_84,
TY02 17314 TG26 VEH F P57_55,
TY02 17341 TG26 VEH M P57_147,
TY02 17314 TG26 VEH F P57_120,
TY02 17341 TG26 VEH M P57_64,
TY02 17317 TG26 VEH F P57_11,
TY02 17315 TG26 VEH F P57_16,
TY02 17317 TG26 VEH F P57_8,
TY02 17341 TG26 VEH M P57_40,
TY02 17310 TG26 VEH M P57_139,
TY02 17315 TG26 VEH F P57_12,
TY02 17313 TG26 VEH F P57_83,
TY02 17315 TG26 VEH F P57_73,
TY02 17314 TG26 VEH F P57_110,
TY02 17339 TG26 VEH F P57_28,
TY02 17317 TG26 VEH F P57_78,
TY02 17317 TG26 VEH F P57_132,
TY02 17315 TG26 VEH F P57_86,
TY02 17314 TG26 VEH F P57_40,
TY02 17317 TG26 VEH F P57_72,
TY02 17338 TG26 VEH F P57_78,
TY02 17338 TG26 VEH F P57_43,
TY02 17362 TG26 VEH M P57_18,
TY02 17313 TG26 VEH F P57_115,
TY02 17362 TG26 VEH M P57_91,
TY02 17310 TG26 VEH M P57_163,
TY02 17338 TG26 VEH F P57_2,
TY02 17309 TG26 VEH M P57_56,
TY02 17313 TG26 VEH F P57_40,
TY02 17317 TG26 VEH F P57_189,
TY02 17339 TG26 VEH F P57_5,
TY02 17310 TG26 VEH M P57_145,
TY02 17312 TG26 VEH F P57_124,
TY02 17310 TG26 VEH M P57_147,
TY02 17338 TG26 VEH F P57_25,
TY02 17314 TG26 VEH F P57_86,
TY02 17317 TG26 VEH F P57_167,
TY02 17362 TG26 VEH M P57_11,
TY02 17317 TG26 VEH F P57_14,
TY02 17310 TG26 VEH M P57_41,
TY02 17339 TG26 VEH F P57_76,
TY02 17310 TG26 VEH M P57_142,
TY02 17339 TG26 VEH F P57_114,
TY02 17310 TG26 VEH M P57_182,
TY02 17310 TG26 VEH M P57_99,
TY02 17315 TG26 VEH F P57_158,
TY02 17313 TG26 VEH F P57_85,
TY02 17339 TG26 VEH F P57_10,
TY02 17310 TG26 VEH M P57_177,
TY02 17317 TG26 VEH F P57_21,
TY02 17362 TG26 VEH M P57_64,
TY02 17310 TG26 VEH M P57_75,
TY02 17312 TG26 VEH F P57_38,
TY02 17310 TG26 VEH M P57_78,
TY02 17317 TG26 VEH F P57_124,
TY02 17313 TG26 VEH F P57_33,
TY02 17339 TG26 VEH F P57_84,
TY02 17310 TG26 VEH M P57_91,
TY02 17315 TG26 VEH F P57_89,
TY02 17314 TG26 VEH F P57_17,
TY02 17313 TG26 VEH F P57_67,
TY02 17310 TG26 VEH M P57_2,
TY02 17362 TG26 VEH M P57_86,
TY02 17338 TG26 VEH F P57_58,
TY02 17341 TG26 VEH M P57_96,
TY02 17341 TG26 VEH M P57_55,
TY02 17314 TG26 VEH F P57_93,
TY02 17338 TG26 VEH F P57_23,
TY02 17317 TG26 VEH F P57_73,
TY02 17310 TG26 VEH M P57_6,
TY02 17312 TG26 VEH F P57_127,
TY02 17309 TG26 VEH M P57_68,
TY02 17313 TG26 VEH F P57_39,
TY02 17309 TG26 VEH M P57_58,
TY02 17317 TG26 VEH F P57_155,
TY02 17313 TG26 VEH F P57_97,
TY02 17362 TG26 VEH M P57_80,
TY02 17309 TG26 VEH M P57_66,
TY02 17317 TG26 VEH F P57_165,
TY02 17317 TG26 VEH F P57_88,
TY02 17339 TG26 VEH F P57_118,
TY02 17310 TG26 VEH M P57_157,
TY02 17341 TG26 VEH M P57_140,
TY02 17310 TG26 VEH M P57_57,
TY02 17362 TG26 VEH M P57_77,
TY02 17312 TG26 VEH F P57_140,
TY02 17312 TG26 VEH F P57_12,
TY02 17314 TG26 VEH F P57_14,
TY02 17310 TG26 VEH M P57_160,
TY02 17310 TG26 VEH M P57_170,
TY02 17310 TG26 VEH M P57_35,
TY02 17310 TG26 VEH M P57_62,
TY02 17313 TG26 VEH F P57_102,
TY02 17312 TG26 VEH F P57_130,
TY02 17317 TG26 VEH F P57_204,
TY02 17317 TG26 VEH F P57_39,
TY02 17313 TG26 VEH F P57_22,
TY02 17362 TG26 VEH M P57_95,
TY02 17339 TG26 VEH F P57_117,
TY02 17339 TG26 VEH F P57_6,
TY02 17313 TG26 VEH F P57_69,
TY02 17341 TG26 VEH M P57_1,
TY02 17312 TG26 VEH F P57_91,
TY02 17314 TG26 VEH F P57_29,
TY02 17315 TG26 VEH F P57_11,
TY02 17362 TG26 VEH M P57_44,
TY02 17317 TG26 VEH F P57_44,
TY02 17338 TG26 VEH F P57_22,
TY02 17341 TG26 VEH M P57_73,
TY02 17309 TG26 VEH M P57_47,
TY02 17309 TG26 VEH M P57_29,
TY02 17309 TG26 VEH M P57_3,
TY02 17313 TG26 VEH F P57_24,
TY02 17339 TG26 VEH F P57_75,
TY02 17339 TG26 VEH F P57_87,
TY02 17315 TG26 VEH F P57_1,
TY02 17341 TG26 VEH M P57_75,
TY02 17341 TG26 VEH M P57_68,
TY02 17310 TG26 VEH M P57_14,
TY02 17339 TG26 VEH F P57_145,
TY02 17341 TG26 VEH M P57_18,
TY02 17313 TG26 VEH F P57_72,
TY02 17315 TG26 VEH F P57_61,
TY02 17315 TG26 VEH F P57_126,
TY02 17313 TG26 VEH F P57_35,
TY02 17317 TG26 VEH F P57_118,
TY02 17312 TG26 VEH F P57_128,
TY02 17317 TG26 VEH F P57_28,
TY02 17312 TG26 VEH F P57_77,
TY02 17315 TG26 VEH F P57_116,
TY02 17317 TG26 VEH F P57_20,
TY02 17317 TG26 VEH F P57_103,
TY02 17338 TG26 VEH F P57_59,
TY02 17315 TG26 VEH F P57_41,
TY02 17310 TG26 VEH M P57_110,
TY02 17310 TG26 VEH M P57_165,
TY02 17315 TG26 VEH F P57_101,
TY02 17362 TG26 VEH M P57_81,
TY02 17315 TG26 VEH F P57_103,
TY02 17317 TG26 VEH F P57_108,
TY02 17315 TG26 VEH F P57_84,
TY02 17362 TG26 VEH M P57_70,
TY02 17341 TG26 VEH M P57_15,
TY02 17310 TG26 VEH M P57_140,
TY02 17315 TG26 VEH F P57_40,
TY02 17312 TG26 VEH F P57_97,
TY02 17341 TG26 VEH M P57_114,
TY02 17339 TG26 VEH F P57_135,
TY02 17310 TG26 VEH M P57_124,
TY02 17315 TG26 VEH F P57_96,
TY02 17341 TG26 VEH M P57_5,
TY02 17338 TG26 VEH F P57_80,
TY02 17310 TG26 VEH M P57_149,
TY02 17310 TG26 VEH M P57_31,
TY02 17339 TG26 VEH F P57_25,
TY02 17312 TG26 VEH F P57_144,
TY02 17317 TG26 VEH F P57_83,
TY02 17317 TG26 VEH F P57_51,
TY02 17317 TG26 VEH F P57_71,
TY02 17309 TG26 VEH M P57_34,
TY02 17317 TG26 VEH F P57_176,
TY02 17317 TG26 VEH F P57_70,
TY02 17317 TG26 VEH F P57_119,
TY02 17313 TG26 VEH F P57_103,
TY02 17314 TG26 VEH F P57_60,
TY02 17310 TG26 VEH M P57_166,
TY02 17313 TG26 VEH F P57_8,
TY02 17339 TG26 VEH F P57_56,
TY02 17313 TG26 VEH F P57_55,
TY02 17341 TG26 VEH M P57_113,
TY02 17341 TG26 VEH M P57_95,
TY02 17313 TG26 VEH F P57_16,
TY02 17317 TG26 VEH F P57_150,
TY02 17341 TG26 VEH M P57_84,
TY02 17314 TG26 VEH F P57_43,
TY02 17339 TG26 VEH F P57_68,
TY02 17315 TG26 VEH F P57_153,
TY02 17339 TG26 VEH F P57_60,
TY02 17341 TG26 VEH M P57_126,
TY02 17315 TG26 VEH F P57_54,
TY02 17314 TG26 VEH F P57_27,
TY02 17339 TG26 VEH F P57_119,
TY02 17315 TG26 VEH F P57_100,
TY02 17315 TG26 VEH F P57_42,
TY02 17312 TG26 VEH F P57_24,
TY02 17317 TG26 VEH F P57_107,
TY02 17312 TG26 VEH F P57_13,
TY02 17315 TG26 VEH F P57_71,
TY02 17338 TG26 VEH F P57_56,
TY02 17310 TG26 VEH M P57_28,
TY02 17315 TG26 VEH F P57_132,
TY02 17310 TG26 VEH M P57_85,
TY02 17315 TG26 VEH F P57_115,
TY02 17339 TG26 VEH F P57_27,
TY02 17312 TG26 VEH F P57_86,
TY02 17309 TG26 VEH M P57_54,
TY02 17313 TG26 VEH F P57_63,
TY02 17339 TG26 VEH F P57_128,
TY02 17341 TG26 VEH M P57_97,
TY02 17339 TG26 VEH F P57_47,
TY02 17312 TG26 VEH F P57_134,
TY02 17313 TG26 VEH F P57_43,
TY02 17338 TG26 VEH F P57_74,
TY02 17341 TG26 VEH M P57_154,
TY02 17338 TG26 VEH F P57_9,
TY02 17314 TG26 VEH F P57_11,
TY02 17315 TG26 VEH F P57_49,
TY02 17339 TG26 VEH F P57_121,
TY02 17339 TG26 VEH F P57_82,
TY02 17310 TG26 VEH M P57_4,
TY02 17313 TG26 VEH F P57_92,
TY02 17310 TG26 VEH M P57_133,
TY02 17317 TG26 VEH F P57_101,
TY02 17310 TG26 VEH M P57_71,
TY02 17310 TG26 VEH M P57_9,
TY02 17339 TG26 VEH F P57_98,
TY02 17310 TG26 VEH M P57_100,
TY02 17338 TG26 VEH F P57_49,
TY02 17338 TG26 VEH F P57_72,
TY02 17317 TG26 VEH F P57_187,
TY02 17339 TG26 VEH F P57_73,
TY02 17314 TG26 VEH F P57_20,
TY02 17317 TG26 VEH F P57_111,
TY02 17315 TG26 VEH F P57_68,
TY02 17341 TG26 VEH M P57_163,
TY02 17362 TG26 VEH M P57_75,
TY02 17339 TG26 VEH F P57_62,
TY02 17339 TG26 VEH F P57_107,
TY02 17314 TG26 VEH F P57_115,
TY02 17341 TG26 VEH M P57_8,
TY02 17313 TG26 VEH F P57_121,
TY02 17339 TG26 VEH F P57_93,
TY02 17317 TG26 VEH F P57_2,
TY02 17362 TG26 VEH M P57_63,
TY02 17312 TG26 VEH F P57_5,
TY02 17317 TG26 VEH F P57_7,
TY02 17310 TG26 VEH M P57_115,
TY02 17312 TG26 VEH F P57_112,
TY02 17317 TG26 VEH F P57_3,
TY02 17310 TG26 VEH M P57_87,
TY02 17317 TG26 VEH F P57_198,
TY02 17341 TG26 VEH M P57_31,
TY02 17312 TG26 VEH F P57_83,
TY02 17341 TG26 VEH M P57_35,
TY02 17338 TG26 VEH F P57_3,
TY02 17341 TG26 VEH M P57_98,
TY02 17312 TG26 VEH F P57_118,
TY02 17314 TG26 VEH F P57_39,
TY02 17339 TG26 VEH F P57_2,
TY02 17310 TG26 VEH M P57_130,
TY02 17310 TG26 VEH M P57_17,
TY02 17317 TG26 VEH F P57_97,
TY02 17309 TG26 VEH M P57_38,
TY02 17338 TG26 VEH F P57_18,
TY02 17338 TG26 VEH F P57_11,
TY02 17312 TG26 VEH F P57_125,
TY02 17341 TG26 VEH M P57_165,
TY02 17313 TG26 VEH F P57_48,
TY02 17317 TG26 VEH F P57_192,
TY02 17317 TG26 VEH F P57_12,
TY02 17341 TG26 VEH M P57_53,
TY02 17310 TG26 VEH M P57_90,
TY02 17362 TG26 VEH M P57_7,
TY02 17339 TG26 VEH F P57_42,
TY02 17341 TG26 VEH M P57_78,
TY02 17362 TG26 VEH M P57_74,
TY02 17317 TG26 VEH F P57_174,
TY02 17339 TG26 VEH F P57_33,
TY02 17312 TG26 VEH F P57_68,
TY02 17314 TG26 VEH F P57_34,
TY02 17309 TG26 VEH M P57_24,
TY02 17314 TG26 VEH F P57_7,
TY02 17362 TG26 VEH M P57_89,
TY02 17341 TG26 VEH M P57_134,
TY02 17314 TG26 VEH F P57_22,
TY02 17312 TG26 VEH F P57_4,
TY02 17341 TG26 VEH M P57_101,
TY02 17317 TG26 VEH F P57_43,
TY02 17315 TG26 VEH F P57_129,
TY02 17314 TG26 VEH F P57_36,
TY02 17317 TG26 VEH F P57_89,
TY02 17341 TG26 VEH M P57_102,
TY02 17339 TG26 VEH F P57_53,
TY02 17315 TG26 VEH F P57_36,
TY02 17317 TG26 VEH F P57_152,
TY02 17339 TG26 VEH F P57_126,
TY02 17312 TG26 VEH F P57_72,
TY02 17310 TG26 VEH M P57_56,
TY02 17341 TG26 VEH M P57_107,
TY02 17362 TG26 VEH M P57_71,
TY02 17310 TG26 VEH M P57_73,
TY02 17317 TG26 VEH F P57_94,
TY02 17317 TG26 VEH F P57_92,
TY02 17339 TG26 VEH F P57_115,
TY02 17362 TG26 VEH M P57_73,
TY02 17310 TG26 VEH M P57_92,
TY02 17313 TG26 VEH F P57_119,
TY02 17317 TG26 VEH F P57_24,
TY02 17341 TG26 VEH M P57_43,
TY02 17362 TG26 VEH M P57_67,
TY02 17314 TG26 VEH F P57_56,
TY02 17341 TG26 VEH M P57_72,
TY02 17313 TG26 VEH F P57_11,
TY02 17310 TG26 VEH M P57_158,
TY02 17338 TG26 VEH F P57_50,
TY02 17338 TG26 VEH F P57_62,
TY02 17338 TG26 VEH F P57_77,
TY02 17339 TG26 VEH F P57_64,
TY02 17315 TG26 VEH F P57_62,
TY02 17317 TG26 VEH F P57_153,
TY02 17313 TG26 VEH F P57_94,
TY02 17312 TG26 VEH F P57_74,
TY02 17315 TG26 VEH F P57_15,
TY02 17341 TG26 VEH M P57_49,
TY02 17310 TG26 VEH M P57_79,
TY02 17312 TG26 VEH F P57_95,
TY02 17317 TG26 VEH F P57_173,
TY02 17317 TG26 VEH F P57_195,
TY02 17309 TG26 VEH M P57_13,
TY02 17317 TG26 VEH F P57_110,
TY02 17312 TG26 VEH F P57_92,
TY02 17312 TG26 VEH F P57_147,
TY02 17317 TG26 VEH F P57_58,
TY02 17313 TG26 VEH F P57_20,
TY02 17310 TG26 VEH M P57_167,
TY02 17314 TG26 VEH F P57_28,
TY02 17317 TG26 VEH F P57_114,
TY02 17313 TG26 VEH F P57_52,
TY02 17362 TG26 VEH M P57_82,
TY02 17312 TG26 VEH F P57_143,
TY02 17313 TG26 VEH F P57_77,
TY02 17341 TG26 VEH M P57_160,
TY02 17341 TG26 VEH M P57_149,
TY02 17312 TG26 VEH F P57_120,
TY02 17317 TG26 VEH F P57_115,
TY02 17362 TG26 VEH M P57_79,
TY02 17317 TG26 VEH F P57_47,
TY02 17314 TG26 VEH F P57_32,
TY02 17341 TG26 VEH M P57_127,
TY02 17310 TG26 VEH M P57_151,
TY02 17362 TG26 VEH M P57_1,
TY02 17310 TG26 VEH M P57_59,
TY02 17312 TG26 VEH F P57_78,
TY02 17339 TG26 VEH F P57_36,
TY02 17312 TG26 VEH F P57_63,
TY02 17317 TG26 VEH F P57_31,
TY02 17317 TG26 VEH F P57_34,
TY02 17339 TG26 VEH F P57_150,
TY02 17362 TG26 VEH M P57_27,
TY02 17310 TG26 VEH M P57_148,
TY02 17310 TG26 VEH M P57_122,
TY02 17341 TG26 VEH M P57_132,
TY02 17341 TG26 VEH M P57_92,
TY02 17341 TG26 VEH M P57_91,
TY02 17314 TG26 VEH F P57_45,
TY02 17309 TG26 VEH M P57_37,
TY02 17310 TG26 VEH M P57_155,
TY02 17317 TG26 VEH F P57_164,
TY02 17313 TG26 VEH F P57_25,
TY02 17362 TG26 VEH M P57_55,
TY02 17315 TG26 VEH F P57_91,
TY02 17314 TG26 VEH F P57_25,
TY02 17314 TG26 VEH F P57_18,
TY02 17310 TG26 VEH M P57_48,
TY02 17362 TG26 VEH M P57_69,
TY02 17317 TG26 VEH F P57_183,
TY02 17315 TG26 VEH F P57_6,
TY02 17309 TG26 VEH M P57_43,
TY02 17315 TG26 VEH F P57_50,
TY02 17341 TG26 VEH M P57_28,
TY02 17310 TG26 VEH M P57_123,
TY02 17313 TG26 VEH F P57_120,
TY02 17339 TG26 VEH F P57_99,
TY02 17313 TG26 VEH F P57_88,
TY02 17341 TG26 VEH M P57_63,
TY02 17310 TG26 VEH M P57_39,
TY02 17310 TG26 VEH M P57_108,
TY02 17339 TG26 VEH F P57_83,
TY02 17338 TG26 VEH F P57_24,
TY02 17317 TG26 VEH F P57_48,
TY02 17362 TG26 VEH M P57_58,
TY02 17317 TG26 VEH F P57_109,
TY02 17312 TG26 VEH F P57_62,
TY02 17341 TG26 VEH M P57_148,
TY02 17341 TG26 VEH M P57_164,
TY02 17338 TG26 VEH F P57_76,
TY02 17341 TG26 VEH M P57_54,
TY02 17315 TG26 VEH F P57_97,
TY02 17341 TG26 VEH M P57_85,
TY02 17313 TG26 VEH F P57_27,
TY02 17317 TG26 VEH F P57_123,
TY02 17313 TG26 VEH F P57_89,
TY02 17310 TG26 VEH M P57_178,
TY02 17362 TG26 VEH M P57_9,
TY02 17312 TG26 VEH F P57_113,
TY02 17313 TG26 VEH F P57_53,
TY02 17313 TG26 VEH F P57_51,
TY02 17317 TG26 VEH F P57_131,
TY02 17315 TG26 VEH F P57_63,
TY02 17315 TG26 VEH F P57_43,
TY02 17315 TG26 VEH F P57_76,
TY02 17310 TG26 VEH M P57_26,
TY02 17339 TG26 VEH F P57_151,
TY02 17310 TG26 VEH M P57_141,
TY02 17313 TG26 VEH F P57_2,
TY02 17312 TG26 VEH F P57_46,
TY02 17313 TG26 VEH F P57_57,
TY02 17310 TG26 VEH M P57_8,
TY02 17313 TG26 VEH F P57_61,
TY02 17341 TG26 VEH M P57_7,
TY02 17339 TG26 VEH F P57_8,
TY02 17313 TG26 VEH F P57_107,
TY02 17314 TG26 VEH F P57_84,
TY02 17312 TG26 VEH F P57_30,
TY02 17312 TG26 VEH F P57_121,
TY02 17314 TG26 VEH F P57_108,
TY02 17317 TG26 VEH F P57_16,
TY02 17341 TG26 VEH M P57_47,
TY02 17314 TG26 VEH F P57_6,
TY02 17315 TG26 VEH F P57_138,
TY02 17309 TG26 VEH M P57_10,
TY02 17339 TG26 VEH F P57_39,
TY02 17310 TG26 VEH M P57_121,
TY02 17317 TG26 VEH F P57_41,
TY02 17310 TG26 VEH M P57_175,
TY02 17312 TG26 VEH F P57_1,
TY02 17310 TG26 VEH M P57_84,
TY02 17314 TG26 VEH F P57_117,
TY02 17339 TG26 VEH F P57_96,
TY02 17312 TG26 VEH F P57_85,
TY02 17339 TG26 VEH F P57_18,
TY02 17309 TG26 VEH M P57_42,
TY02 17312 TG26 VEH F P57_41,
TY02 17315 TG26 VEH F P57_8,
TY02 17310 TG26 VEH M P57_83,
TY02 17341 TG26 VEH M P57_128,
TY02 17339 TG26 VEH F P57_65,
TY02 17312 TG26 VEH F P57_19,
TY02 17314 TG26 VEH F P57_68,
TY02 17362 TG26 VEH M P57_84,
TY02 17314 TG26 VEH F P57_66,
TY02 17341 TG26 VEH M P57_79,
TY02 17314 TG26 VEH F P57_87,
TY02 17309 TG26 VEH M P57_52,
TY02 17315 TG26 VEH F P57_4,
TY02 17312 TG26 VEH F P57_29,
TY02 17362 TG26 VEH M P57_17,
TY02 17312 TG26 VEH F P57_45,
TY02 17339 TG26 VEH F P57_35,
TY02 17339 TG26 VEH F P57_95,
TY02 17341 TG26 VEH M P57_143,
TY02 17341 TG26 VEH M P57_3,
TY02 17362 TG26 VEH M P57_43,
TY02 17315 TG26 VEH F P57_105,
TY02 17317 TG26 VEH F P57_180,
TY02 17309 TG26 VEH M P57_59,
TY02 17362 TG26 VEH M P57_46,
TY02 17310 TG26 VEH M P57_168,
TY02 17310 TG26 VEH M P57_125,
TY02 17339 TG26 VEH F P57_29,
TY02 17310 TG26 VEH M P57_126,
TY02 17338 TG26 VEH F P57_68,
TY02 17310 TG26 VEH M P57_72,
TY02 17315 TG26 VEH F P57_34,
TY02 17314 TG26 VEH F P57_51,
TY02 17341 TG26 VEH M P57_103,
TY02 17341 TG26 VEH M P57_125,
TY02 17317 TG26 VEH F P57_139,
TY02 17362 TG26 VEH M P57_51,
TY02 17341 TG26 VEH M P57_155,
TY02 17362 TG26 VEH M P57_35,
TY02 17313 TG26 VEH F P57_29,
TY02 17312 TG26 VEH F P57_58,
TY02 17314 TG26 VEH F P57_10,
TY02 17362 TG26 VEH M P57_30,
TY02 17310 TG26 VEH M P57_181,
TY02 17341 TG26 VEH M P57_30,
TY02 17312 TG26 VEH F P57_51,
TY02 17315 TG26 VEH F P57_70,
TY02 17313 TG26 VEH F P57_113,
TY02 17317 TG26 VEH F P57_149,
TY02 17314 TG26 VEH F P57_3,
TY02 17315 TG26 VEH F P57_122,
TY02 17312 TG26 VEH F P57_73,
TY02 17313 TG26 VEH F P57_26,
TY02 17314 TG26 VEH F P57_83,
TY02 17338 TG26 VEH F P57_61,
TY02 17310 TG26 VEH M P57_32,
TY02 17338 TG26 VEH F P57_21,
TY02 17314 TG26 VEH F P57_4,
TY02 17317 TG26 VEH F P57_104,
TY02 17310 TG26 VEH M P57_21,
TY02 17313 TG26 VEH F P57_9,
TY02 17317 TG26 VEH F P57_22,
TY02 17317 TG26 VEH F P57_61,
TY02 17313 TG26 VEH F P57_15,
TY02 17341 TG26 VEH M P57_146,
TY02 17362 TG26 VEH M P57_60,
TY02 17310 TG26 VEH M P57_132,
TY02 17315 TG26 VEH F P57_112,
TY02 17314 TG26 VEH F P57_61,
TY02 17338 TG26 VEH F P57_38,
TY02 17338 TG26 VEH F P57_29,
TY02 17315 TG26 VEH F P57_5,
TY02 17310 TG26 VEH M P57_45,
TY02 17315 TG26 VEH F P57_2,
TY02 17312 TG26 VEH F P57_100,
TY02 17341 TG26 VEH M P57_116,
TY02 17315 TG26 VEH F P57_58,
TY02 17313 TG26 VEH F P57_100,
TY02 17317 TG26 VEH F P57_143,
TY02 17339 TG26 VEH F P57_146,
TY02 17313 TG26 VEH F P57_111,
TY02 17313 TG26 VEH F P57_109,
TY02 17339 TG26 VEH F P57_131,
TY02 17317 TG26 VEH F P57_151,
TY02 17341 TG26 VEH M P57_99,
TY02 17313 TG26 VEH F P57_76,
TY02 17310 TG26 VEH M P57_180,
TY02 17309 TG26 VEH M P57_4,
TY02 17310 TG26 VEH M P57_109,
TY02 17309 TG26 VEH M P57_63,
TY02 17312 TG26 VEH F P57_93,
TY02 17341 TG26 VEH M P57_24,
TY02 17339 TG26 VEH F P57_59,
TY02 17315 TG26 VEH F P57_137,
TY02 17310 TG26 VEH M P57_12,
TY02 17310 TG26 VEH M P57_67,
TY02 17310 TG26 VEH M P57_136,
TY02 17317 TG26 VEH F P57_13,
TY02 17338 TG26 VEH F P57_66,
TY02 17339 TG26 VEH F P57_57,
TY02 17314 TG26 VEH F P57_111,
TY02 17341 TG26 VEH M P57_124,
TY02 17362 TG26 VEH M P57_61,
TY02 17317 TG26 VEH F P57_76,
TY02 17315 TG26 VEH F P57_128,
TY02 17341 TG26 VEH M P57_156,
TY02 17339 TG26 VEH F P57_23,
TY02 17317 TG26 VEH F P57_82,
TY02 17341 TG26 VEH M P57_59,
TY02 17317 TG26 VEH F P57_112,
TY02 17315 TG26 VEH F P57_47,
TY02 17362 TG26 VEH M P57_37,
TY02 17341 TG26 VEH M P57_14,
TY02 17314 TG26 VEH F P57_72,
TY02 17339 TG26 VEH F P57_152,
TY02 17312 TG26 VEH F P57_108,
TY02 17315 TG26 VEH F P57_81,
TY02 17341 TG26 VEH M P57_100,
TY02 17341 TG26 VEH M P57_158,
TY02 17315 TG26 VEH F P57_13,
TY02 17310 TG26 VEH M P57_18,
TY02 17310 TG26 VEH M P57_25,
TY02 17341 TG26 VEH M P57_122,
TY02 17317 TG26 VEH F P57_201,
TY02 17362 TG26 VEH M P57_19,
TY02 17315 TG26 VEH F P57_23,
TY02 17314 TG26 VEH F P57_89,
TY02 17341 TG26 VEH M P57_83,
TY02 17310 TG26 VEH M P57_97,
TY02 17338 TG26 VEH F P57_20,
TY02 17313 TG26 VEH F P57_74,
TY02 17312 TG26 VEH F P57_36,
TY02 17341 TG26 VEH M P57_26,
TY02 17317 TG26 VEH F P57_163,
TY02 17310 TG26 VEH M P57_176,
TY02 17362 TG26 VEH M P57_65,
TY02 17310 TG26 VEH M P57_66,
TY02 17314 TG26 VEH F P57_104,
TY02 17314 TG26 VEH F P57_102,
TY02 17313 TG26 VEH F P57_99,
TY02 17339 TG26 VEH F P57_141,
TY02 17314 TG26 VEH F P57_75,
TY02 17312 TG26 VEH F P57_126,
TY02 17315 TG26 VEH F P57_156,
TY02 17338 TG26 VEH F P57_65,
TY02 17338 TG26 VEH F P57_67,
TY02 17312 TG26 VEH F P57_135,
TY02 17310 TG26 VEH M P57_11,
TY02 17309 TG26 VEH M P57_55,
TY02 17362 TG26 VEH M P57_47,
TY02 17314 TG26 VEH F P57_92,
TY02 17314 TG26 VEH F P57_13,
TY02 17339 TG26 VEH F P57_105,
TY02 17310 TG26 VEH M P57_138,
TY02 17314 TG26 VEH F P57_53,
TY02 17339 TG26 VEH F P57_92,
TY02 17312 TG26 VEH F P57_123,
TY02 17362 TG26 VEH M P57_54,
TY02 17339 TG26 VEH F P57_79,
TY02 17362 TG26 VEH M P57_8,
TY02 17341 TG26 VEH M P57_36,
TY02 17341 TG26 VEH M P57_142,
TY02 17312 TG26 VEH F P57_141,
TY02 17310 TG26 VEH M P57_159,
TY02 17315 TG26 VEH F P57_83,
TY02 17317 TG26 VEH F P57_106,
TY02 17341 TG26 VEH M P57_21,
TY02 17317 TG26 VEH F P57_5,
TY02 17313 TG26 VEH F P57_1,
TY02 17341 TG26 VEH M P57_60,
TY02 17362 TG26 VEH M P57_98,
TY02 17362 TG26 VEH M P57_22,
TY02 17310 TG26 VEH M P57_34,
TY02 17313 TG26 VEH F P57_47,
TY02 17338 TG26 VEH F P57_63,
TY02 17310 TG26 VEH M P57_161,
TY02 17315 TG26 VEH F P57_121,
TY02 17317 TG26 VEH F P57_29,
TY02 17317 TG26 VEH F P57_191,
TY02 17313 TG26 VEH F P57_87,
TY02 17313 TG26 VEH F P57_64,
TY02 17315 TG26 VEH F P57_133,
TY02 17341 TG26 VEH M P57_82,
TY02 17317 TG26 VEH F P57_49,
TY02 17312 TG26 VEH F P57_32,
TY02 17313 TG26 VEH F P57_18,
TY02 17314 TG26 VEH F P57_81,
TY02 17341 TG26 VEH M P57_144,
TY02 17313 TG26 VEH F P57_98,
TY02 17341 TG26 VEH M P57_135,
TY02 17314 TG26 VEH F P57_114,
TY02 17310 TG26 VEH M P57_7,
TY02 17338 TG26 VEH F P57_47,
TY02 17312 TG26 VEH F P57_129,
TY02 17338 TG26 VEH F P57_19,
TY02 17362 TG26 VEH M P57_29,
TY02 17312 TG26 VEH F P57_33,
TY02 17339 TG26 VEH F P57_46,
TY02 17339 TG26 VEH F P57_61,
TY02 17341 TG26 VEH M P57_151,
TY02 17339 TG26 VEH F P57_108,
TY02 17317 TG26 VEH F P57_95,
TY02 17315 TG26 VEH F P57_22,
TY02 17310 TG26 VEH M P57_70,
TY02 17310 TG26 VEH M P57_137,
TY02 17317 TG26 VEH F P57_85,
TY02 17339 TG26 VEH F P57_9,
TY02 17312 TG26 VEH F P57_2,
TY02 17339 TG26 VEH F P57_78,
TY02 17310 TG26 VEH M P57_116,
TY02 17338 TG26 VEH F P57_41,
TY02 17314 TG26 VEH F P57_96,
TY02 17338 TG26 VEH F P57_12,
TY02 17313 TG26 VEH F P57_123,
TY02 17312 TG26 VEH F P57_76,
TY02 17339 TG26 VEH F P57_31,
TY02 17314 TG26 VEH F P57_112,
TY02 17315 TG26 VEH F P57_107,
TY02 17341 TG26 VEH M P57_119,
TY02 17317 TG26 VEH F P57_186,
TY02 17317 TG26 VEH F P57_63,
TY02 17309 TG26 VEH M P57_1,
TY02 17314 TG26 VEH F P57_124,
TY02 17317 TG26 VEH F P57_181,
TY02 17313 TG26 VEH F P57_81,
TY02 17313 TG26 VEH F P57_31,
TY02 17313 TG26 VEH F P57_5,
TY02 17313 TG26 VEH F P57_108,
TY02 17338 TG26 VEH F P57_5,
TY02 17315 TG26 VEH F P57_14,
TY02 17315 TG26 VEH F P57_152,
TY02 17317 TG26 VEH F P57_15,
TY02 17317 TG26 VEH F P57_172,
TY02 17310 TG26 VEH M P57_129,
TY02 17313 TG26 VEH F P57_78,
TY02 17312 TG26 VEH F P57_117,
TY02 17313 TG26 VEH F P57_106,
TY02 17341 TG26 VEH M P57_29,
TY02 17309 TG26 VEH M P57_44,
TY02 17339 TG26 VEH F P57_51,
TY02 17341 TG26 VEH M P57_4,
TY02 17313 TG26 VEH F P57_110,
TY02 17313 TG26 VEH F P57_79,
TY02 17310 TG26 VEH M P57_107,
TY02 17315 TG26 VEH F P57_44,
TY02 17312 TG26 VEH F P57_60,
TY02 17310 TG26 VEH M P57_105,
TY02 17339 TG26 VEH F P57_113,
TY02 17317 TG26 VEH F P57_190,
TY02 17317 TG26 VEH F P57_120,
TY02 17317 TG26 VEH F P57_158,
TY02 17312 TG26 VEH F P57_18,
TY02 17315 TG26 VEH F P57_154,
TY02 17341 TG26 VEH M P57_41,
TY02 17310 TG26 VEH M P57_36,
TY02 17313 TG26 VEH F P57_10,
TY02 17309 TG26 VEH M P57_49,
TY02 17309 TG26 VEH M P57_25,
TY02 17317 TG26 VEH F P57_35,
TY02 17317 TG26 VEH F P57_59,
TY02 17309 TG26 VEH M P57_17,
TY02 17362 TG26 VEH M P57_57,
TY02 17312 TG26 VEH F P57_75,
TY02 17341 TG26 VEH M P57_104,
TY02 17312 TG26 VEH F P57_57,
TY02 17339 TG26 VEH F P57_80,
TY02 17338 TG26 VEH F P57_10,
TY02 17314 TG26 VEH F P57_97,
TY02 17362 TG26 VEH M P57_50,
TY02 17313 TG26 VEH F P57_90,
TY02 17313 TG26 VEH F P57_93,
TY02 17338 TG26 VEH F P57_57,
TY02 17339 TG26 VEH F P57_74,
TY02 17315 TG26 VEH F P57_53,
TY02 17341 TG26 VEH M P57_70,
TY02 17317 TG26 VEH F P57_137,
TY02 17312 TG26 VEH F P57_99,
TY02 17314 TG26 VEH F P57_94,
TY02 17312 TG26 VEH F P57_102,
TY02 17341 TG26 VEH M P57_44,
TY02 17339 TG26 VEH F P57_104,
TY02 17313 TG26 VEH F P57_41,
TY02 17315 TG26 VEH F P57_120,
TY02 17341 TG26 VEH M P57_39,
TY02 17341 TG26 VEH M P57_11,
TY02 17362 TG26 VEH M P57_16,
TY02 17312 TG26 VEH F P57_110,
TY02 17362 TG26 VEH M P57_21,
TY02 17317 TG26 VEH F P57_170,
TY02 17314 TG26 VEH F P57_44,
TY02 17314 TG26 VEH F P57_8,
TY02 17313 TG26 VEH F P57_36,
TY02 17339 TG26 VEH F P57_7,
TY02 17341 TG26 VEH M P57_69,
TY02 17317 TG26 VEH F P57_46,
TY02 17341 TG26 VEH M P57_90,
TY02 17339 TG26 VEH F P57_106,
TY02 17313 TG26 VEH F P57_45,
TY02 17315 TG26 VEH F P57_75,
TY02 17313 TG26 VEH F P57_34,
TY02 17338 TG26 VEH F P57_53,
TY02 17314 TG26 VEH F P57_65,
TY02 17309 TG26 VEH M P57_21,
TY02 17313 TG26 VEH F P57_80,
TY02 17312 TG26 VEH F P57_3,
TY02 17309 TG26 VEH M P57_48,
TY02 17312 TG26 VEH F P57_14,
TY02 17317 TG26 VEH F P57_144,
TY02 17362 TG26 VEH M P57_62,
TY02 17338 TG26 VEH F P57_60,
TY02 17317 TG26 VEH F P57_130,
TY02 17312 TG26 VEH F P57_48,
TY02 17313 TG26 VEH F P57_75,
TY02 17314 TG26 VEH F P57_23,
TY02 17315 TG26 VEH F P57_147,
TY02 17338 TG26 VEH F P57_36,
TY02 17317 TG26 VEH F P57_91,
TY02 17317 TG26 VEH F P57_4,
TY02 17317 TG26 VEH F P57_102,
TY02 17339 TG26 VEH F P57_132,
TY02 17310 TG26 VEH M P57_113,
TY02 17314 TG26 VEH F P57_19,
TY02 17310 TG26 VEH M P57_37,
TY02 17315 TG26 VEH F P57_127,
TY02 17362 TG26 VEH M P57_2,
TY02 17338 TG26 VEH F P57_83,
TY02 17339 TG26 VEH F P57_66,
TY02 17317 TG26 VEH F P57_32,
TY02 17341 TG26 VEH M P57_159,
TY02 17341 TG26 VEH M P57_80,
TY02 17309 TG26 VEH M P57_33,
TY02 17313 TG26 VEH F P57_37,
TY02 17315 TG26 VEH F P57_3,
TY02 17341 TG26 VEH M P57_152,
TY02 17313 TG26 VEH F P57_3,
TY02 17314 TG26 VEH F P57_1,
TY02 17317 TG26 VEH F P57_53,
TY02 17314 TG26 VEH F P57_74,
TY02 17312 TG26 VEH F P57_101,
TY02 17312 TG26 VEH F P57_25,
TY02 17309 TG26 VEH M P57_60,
TY02 17313 TG26 VEH F P57_4,
TY02 17312 TG26 VEH F P57_98,
TY02 17317 TG26 VEH F P57_140,
TY02 17317 TG26 VEH F P57_75,
TY02 17314 TG26 VEH F P57_24,
TY02 17339 TG26 VEH F P57_3,
TY02 17362 TG26 VEH M P57_5,
TY02 17309 TG26 VEH M P57_27,
TY02 17362 TG26 VEH M P57_85,
TY02 17317 TG26 VEH F P57_81,
TY02 17315 TG26 VEH F P57_59,
TY02 17315 TG26 VEH F P57_124,
TY02 17313 TG26 VEH F P57_84,
TY02 17309 TG26 VEH M P57_45,
TY02 17339 TG26 VEH F P57_77,
TY02 17310 TG26 VEH M P57_162,
TY02 17312 TG26 VEH F P57_44,
TY02 17339 TG26 VEH F P57_45,
TY02 17341 TG26 VEH M P57_86,
TY02 17312 TG26 VEH F P57_21,
TY02 17339 TG26 VEH F P57_85,
TY02 17317 TG26 VEH F P57_171,
TY02 17339 TG26 VEH F P57_148,
TY02 17341 TG26 VEH M P57_74,
TY02 17313 TG26 VEH F P57_13,
TY02 17338 TG26 VEH F P57_70,
TY02 17341 TG26 VEH M P57_153,
TY02 17339 TG26 VEH F P57_138,
TY02 17341 TG26 VEH M P57_88,
TY02 17313 TG26 VEH F P57_112,
TY02 17312 TG26 VEH F P57_16,
TY02 17339 TG26 VEH F P57_139,
TY02 17313 TG26 VEH F P57_60,
TY02 17341 TG26 VEH M P57_106,
TY02 17312 TG26 VEH F P57_55,
TY02 17315 TG26 VEH F P57_149,
TY02 17317 TG26 VEH F P57_60,
TY02 17338 TG26 VEH F P57_8,
TY02 17317 TG26 VEH F P57_197,
TY02 17338 TG26 VEH F P57_81,
TY02 17341 TG26 VEH M P57_25,
TY02 17315 TG26 VEH F P57_26,
TY02 17339 TG26 VEH F P57_4,
TY02 17315 TG26 VEH F P57_123,
TY02 17314 TG26 VEH F P57_98,
TY02 17312 TG26 VEH F P57_133,
TY02 17310 TG26 VEH M P57_174,
TY02 17339 TG26 VEH F P57_50,
TY02 17339 TG26 VEH F P57_88,
TY02 17341 TG26 VEH M P57_162,
TY02 17310 TG26 VEH M P57_106,
TY02 17317 TG26 VEH F P57_200,
TY02 17341 TG26 VEH M P57_167,
TY02 17315 TG26 VEH F P57_141,
TY02 17315 TG26 VEH F P57_159,
TY02 17339 TG26 VEH F P57_129,
TY02 17315 TG26 VEH F P57_80,
TY02 17314 TG26 VEH F P57_21,
TY02 17315 TG26 VEH F P57_27,
TY02 17312 TG26 VEH F P57_90,
TY02 17313 TG26 VEH F P57_66,
TY02 17314 TG26 VEH F P57_91,
TY02 17339 TG26 VEH F P57_70,
TY02 17315 TG26 VEH F P57_157,
TY02 17317 TG26 VEH F P57_127,
TY02 17315 TG26 VEH F P57_134,
TY02 17314 TG26 VEH F P57_9,
TY02 17317 TG26 VEH F P57_113,
TY02 17309 TG26 VEH M P57_23,
TY02 17317 TG26 VEH F P57_128,
TY02 17312 TG26 VEH F P57_28,
TY02 17310 TG26 VEH M P57_111,
TY02 17315 TG26 VEH F P57_79,
TY02 17338 TG26 VEH F P57_16,
TY02 17315 TG26 VEH F P57_117,
TY02 17310 TG26 VEH M P57_38,
TY02 17317 TG26 VEH F P57_147,
TY02 17314 TG26 VEH F P57_57,
TY02 17341 TG26 VEH M P57_2,
TY02 17315 TG26 VEH F P57_155,
TY02 17339 TG26 VEH F P57_54,
TY02 17338 TG26 VEH F P57_64,
TY02 17309 TG26 VEH M P57_57,
TY02 17317 TG26 VEH F P57_166,
TY02 17310 TG26 VEH M P57_16,
TY02 17309 TG26 VEH M P57_46,
TY02 17314 TG26 VEH F P57_16,
TY02 17314 TG26 VEH F P57_38,
TY02 17339 TG26 VEH F P57_63,
TY02 17341 TG26 VEH M P57_48,
TY02 17310 TG26 VEH M P57_15,
TY02 17309 TG26 VEH M P57_22,
TY02 17317 TG26 VEH F P57_33,
TY02 17317 TG26 VEH F P57_99,
TY02 17317 TG26 VEH F P57_126,
TY02 17315 TG26 VEH F P57_106,
TY02 17341 TG26 VEH M P57_66,
TY02 17362 TG26 VEH M P57_48,
TY02 17313 TG26 VEH F P57_122,
TY02 17317 TG26 VEH F P57_125,
TY02 17315 TG26 VEH F P57_64,
TY02 17313 TG26 VEH F P57_70,
TY02 17309 TG26 VEH M P57_39,
TY02 17362 TG26 VEH M P57_39,
TY02 17338 TG26 VEH F P57_55,
TY02 17339 TG26 VEH F P57_13,
TY02 17317 TG26 VEH F P57_169,
TY02 17314 TG26 VEH F P57_47,
TY02 17317 TG26 VEH F P57_42,
TY02 17314 TG26 VEH F P57_101,
TY02 17314 TG26 VEH F P57_35,
TY02 17313 TG26 VEH F P57_54,
TY02 17313 TG26 VEH F P57_91,
TY02 17338 TG26 VEH F P57_87,
TY02 17317 TG26 VEH F P57_10,
TY02 17313 TG26 VEH F P57_124,
TY02 17339 TG26 VEH F P57_24,
TY02 17317 TG26 VEH F P57_52,
TY02 17310 TG26 VEH M P57_52,
TY02 17341 TG26 VEH M P57_166,
TY02 17310 TG26 VEH M P57_120,
TY02 17315 TG26 VEH F P57_110,
TY02 17313 TG26 VEH F P57_19,
TY02 17312 TG26 VEH F P57_20,
TY02 17310 TG26 VEH M P57_22,
TY02 17315 TG26 VEH F P57_131,
TY02 17310 TG26 VEH M P57_117,
TY02 17310 TG26 VEH M P57_89,
TY02 17341 TG26 VEH M P57_10,
TY02 17313 TG26 VEH F P57_44,
TY02 17315 TG26 VEH F P57_125,
TY02 17317 TG26 VEH F P57_18,
TY02 17338 TG26 VEH F P57_82,
TY02 17338 TG26 VEH F P57_37,
TY02 17362 TG26 VEH M P57_4,
TY02 17341 TG26 VEH M P57_56,
TY02 17317 TG26 VEH F P57_27,
TY02 17313 TG26 VEH F P57_56,
TY02 17362 TG26 VEH M P57_87,
TY02 17315 TG26 VEH F P57_33,
TY02 17341 TG26 VEH M P57_9,
TY02 17317 TG26 VEH F P57_178,
TY02 17317 TG26 VEH F P57_6,
TY02 17314 TG26 VEH F P57_59,
TY02 17314 TG26 VEH F P57_41,
TY02 17309 TG26 VEH M P57_15,
TY02 17310 TG26 VEH M P57_30,
TY02 17317 TG26 VEH F P57_162,
TY02 17339 TG26 VEH F P57_130,
TY02 17310 TG26 VEH M P57_128,
TY02 17309 TG26 VEH M P57_40,
TY02 17312 TG26 VEH F P57_10,
TY02 17317 TG26 VEH F P57_40,
TY02 17315 TG26 VEH F P57_145,
TY02 17315 TG26 VEH F P57_140,
TY02 17310 TG26 VEH M P57_58,
TY02 17309 TG26 VEH M P57_11,
TY02 17312 TG26 VEH F P57_61,
TY02 17339 TG26 VEH F P57_144,
TY02 17338 TG26 VEH F P57_15,
TY02 17341 TG26 VEH M P57_19,
TY02 17310 TG26 VEH M P57_171,
TY02 17314 TG26 VEH F P57_85,
TY02 17338 TG26 VEH F P57_31,
TY02 17312 TG26 VEH F P57_70,
TY02 17338 TG26 VEH F P57_26,
TY02 17312 TG26 VEH F P57_35,
TY02 17339 TG26 VEH F P57_94,
TY02 17314 TG26 VEH F P57_37,
TY02 17317 TG26 VEH F P57_146,
TY02 17341 TG26 VEH M P57_46,
TY02 17339 TG26 VEH F P57_109,
TY02 17310 TG26 VEH M P57_131,
TY02 17339 TG26 VEH F P57_38,
TY02 17338 TG26 VEH F P57_17,
TY02 17310 TG26 VEH M P57_1,
TY02 17317 TG26 VEH F P57_177,
TY02 17341 TG26 VEH M P57_94,
TY02 17314 TG26 VEH F P57_76,
TY02 17317 TG26 VEH F P57_175,
TY02 17310 TG26 VEH M P57_53,
TY02 17312 TG26 VEH F P57_54,
TY02 17310 TG26 VEH M P57_127,
TY02 17312 TG26 VEH F P57_139,
TY02 17312 TG26 VEH F P57_53,
TY02 17315 TG26 VEH F P57_65,
TY02 17341 TG26 VEH M P57_136,
TY02 17341 TG26 VEH M P57_145,
TY02 17313 TG26 VEH F P57_12,
TY02 17310 TG26 VEH M P57_101,
TY02 17314 TG26 VEH F P57_31,
TY02 17309 TG26 VEH M P57_32,
TY02 17317 TG26 VEH F P57_134,
TY02 17312 TG26 VEH F P57_131,
TY02 17312 TG26 VEH F P57_64,
TY02 17314 TG26 VEH F P57_58,
TY02 17315 TG26 VEH F P57_114,
TY02 17310 TG26 VEH M P57_44,
TY02 17341 TG26 VEH M P57_77,
TY02 17341 TG26 VEH M P57_133,
TY02 17341 TG26 VEH M P57_33,
TY02 17339 TG26 VEH F P57_12,
TY02 17310 TG26 VEH M P57_10,
TY02 17312 TG26 VEH F P57_69,
TY02 17341 TG26 VEH M P57_108,
TY02 17362 TG26 VEH M P57_28,
TY02 17317 TG26 VEH F P57_105,
TY02 17313 TG26 VEH F P57_96,
TY02 17339 TG26 VEH F P57_52,
TY02 17362 TG26 VEH M P57_72,
TY02 17314 TG26 VEH F P57_46,
TY02 17362 TG26 VEH M P57_12,
TY02 17341 TG26 VEH M P57_81,
TY02 17339 TG26 VEH F P57_55,
TY02 17341 TG26 VEH M P57_161,
TY02 17339 TG26 VEH F P57_90,
TY02 17339 TG26 VEH F P57_69,
TY02 17339 TG26 VEH F P57_149,
TY02 17362 TG26 VEH M P57_59,
TY02 17309 TG26 VEH M P57_67,
TY02 17317 TG26 VEH F P57_199,
TY02 17313 TG26 VEH F P57_95,
TY02 17315 TG26 VEH F P57_46,
TY02 17338 TG26 VEH F P57_85,
TY02 17310 TG26 VEH M P57_143,
TY02 17313 TG26 VEH F P57_42,
TY02 17314 TG26 VEH F P57_109,
TY02 17314 TG26 VEH F P57_90,
TY02 17362 TG26 VEH M P57_40,
TY02 17341 TG26 VEH M P57_34,
TY02 17309 TG26 VEH M P57_19,
TY02 17314 TG26 VEH F P57_71,
TY02 17317 TG26 VEH F P57_179,
TY02 17315 TG26 VEH F P57_9,
TY02 17310 TG26 VEH M P57_69,
TY02 17315 TG26 VEH F P57_48,
TY02 17312 TG26 VEH F P57_116,
TY02 17339 TG26 VEH F P57_86,
TY02 17315 TG26 VEH F P57_32,
TY02 17341 TG26 VEH M P57_120,
TY02 17312 TG26 VEH F P57_34,
TY02 17315 TG26 VEH F P57_29,
TY02 17314 TG26 VEH F P57_5,
TY02 17314 TG26 VEH F P57_49,
TY02 17314 TG26 VEH F P57_107,
TY02 17362 TG26 VEH M P57_14,
TY02 17362 TG26 VEH M P57_31,
TY02 17341 TG26 VEH M P57_52,
TY02 17314 TG26 VEH F P57_80,
TY02 17317 TG26 VEH F P57_185,
TY02 17362 TG26 VEH M P57_66,
TY02 17315 TG26 VEH F P57_161,
TY02 17310 TG26 VEH M P57_54,
TY02 17310 TG26 VEH M P57_65,
TY02 17313 TG26 VEH F P57_101,
TY02 17317 TG26 VEH F P57_100,
TY02 17341 TG26 VEH M P57_37,
TY02 17315 TG26 VEH F P57_10,
TY02 17313 TG26 VEH F P57_28,
TY02 17310 TG26 VEH M P57_135,
TY02 17339 TG26 VEH F P57_97,
TY02 17339 TG26 VEH F P57_140,
TY02 17314 TG26 VEH F P57_77,
TY02 17312 TG26 VEH F P57_138,
TY02 17312 TG26 VEH F P57_109,
TY02 17341 TG26 VEH M P57_67,
TY02 17341 TG26 VEH M P57_57,
TY02 17341 TG26 VEH M P57_22,
TY02 17339 TG26 VEH F P57_123,
TY02 17314 TG26 VEH F P57_52,
TY02 17341 TG26 VEH M P57_87,
TY02 17312 TG26 VEH F P57_8,
TY02 17338 TG26 VEH F P57_39,
TY02 17341 TG26 VEH M P57_137,
TY02 17312 TG26 VEH F P57_39,
TY02 17338 TG26 VEH F P57_75,
TY02 17341 TG26 VEH M P57_130,
TY02 17314 TG26 VEH F P57_33,
TY02 17315 TG26 VEH F P57_139,
TY02 17314 TG26 VEH F P57_99,
TY02 17309 TG26 VEH M P57_61,
TY02 17312 TG26 VEH F P57_23,
TY02 17317 TG26 VEH F P57_74,
TY02 17339 TG26 VEH F P57_133,
TY02 17317 TG26 VEH F P57_138,
TY02 17339 TG26 VEH F P57_40,
TY02 17315 TG26 VEH F P57_87,
TY02 17339 TG26 VEH F P57_20,
TY02 17341 TG26 VEH M P57_20,
TY02 17341 TG26 VEH M P57_76,
TY02 17315 TG26 VEH F P57_93,
TY02 17341 TG26 VEH M P57_141,
TY02 17315 TG26 VEH F P57_55,
TY02 17338 TG26 VEH F P57_40,
TY02 17341 TG26 VEH M P57_65,
TY02 17341 TG26 VEH M P57_62,
TY02 17310 TG26 VEH M P57_86,
TY02 17314 TG26 VEH F P57_88,
TY02 17362 TG26 VEH M P57_99,
TY02 17310 TG26 VEH M P57_81,
TY02 17312 TG26 VEH F P57_22,
TY02 17312 TG26 VEH F P57_31,
TY02 17310 TG26 VEH M P57_153,
TY02 17315 TG26 VEH F P57_111,
TY02 17315 TG26 VEH F P57_74,
TY02 17312 TG26 VEH F P57_137,
TY02 17339 TG26 VEH F P57_30,
TY02 17362 TG26 VEH M P57_33,
TY02 17338 TG26 VEH F P57_14,
TY02 17310 TG26 VEH M P57_60,
TY02 17315 TG26 VEH F P57_77,
TY02 17312 TG26 VEH F P57_9,
TY02 17310 TG26 VEH M P57_42,
TY02 17341 TG26 VEH M P57_58,
TY02 17317 TG26 VEH F P57_80,
TY02 17309 TG26 VEH M P57_14,
TY02 17313 TG26 VEH F P57_49,
TY02 17362 TG26 VEH M P57_41,
TY02 17310 TG26 VEH M P57_13,
TY02 17313 TG26 VEH F P57_68,
TY02 17339 TG26 VEH F P57_44,
TY02 17312 TG26 VEH F P57_88,
TY02 17317 TG26 VEH F P57_161,
TY02 17338 TG26 VEH F P57_86,
TY02 17339 TG26 VEH F P57_143,
TY02 17310 TG26 VEH M P57_150,
TY02 17317 TG26 VEH F P57_157,
TY02 17338 TG26 VEH F P57_1,
TY02 17339 TG26 VEH F P57_43,
TY02 17314 TG26 VEH F P57_103,
TY02 17310 TG26 VEH M P57_173,
TY02 17310 TG26 VEH M P57_3,
TY02 17310 TG26 VEH M P57_119,
TY02 17314 TG26 VEH F P57_73,
TY02 17339 TG26 VEH F P57_125,
TY02 17341 TG26 VEH M P57_138,
TY02 17315 TG26 VEH F P57_25,
TY02 17317 TG26 VEH F P57_159,
TY02 17313 TG26 VEH F P57_125,
TY02 17341 TG26 VEH M P57_38,
TY02 17341 TG26 VEH M P57_45,
TY02 17317 TG26 VEH F P57_37,
TY02 17309 TG26 VEH M P57_20,
TY02 17310 TG26 VEH M P57_23,
TY02 17315 TG26 VEH F P57_30,
TY02 17339 TG26 VEH F P57_14,
TY02 17317 TG26 VEH F P57_122,
TY02 17339 TG26 VEH F P57_48,
TY02 17341 TG26 VEH M P57_32,
TY02 17362 TG26 VEH M P57_53,
TY02 17310 TG26 VEH M P57_134,
TY02 17315 TG26 VEH F P57_39,
TY02 17362 TG26 VEH M P57_100,
TY02 17338 TG26 VEH F P57_34,
TY02 17341 TG26 VEH M P57_16,
TY02 17338 TG26 VEH F P57_48,
TY02 17313 TG26 VEH F P57_105,
TY02 17362 TG26 VEH M P57_56,
TY02 17310 TG26 VEH M P57_95,
TY02 17312 TG26 VEH F P57_94,
TY02 17315 TG26 VEH F P57_146,
TY02 17313 TG26 VEH F P57_30,
TY02 17341 TG26 VEH M P57_23,
TY02 17310 TG26 VEH M P57_82,
TY02 17313 TG26 VEH F P57_82,
TY02 17362 TG26 VEH M P57_3,
TY02 17338 TG26 VEH F P57_52,
TY02 17315 TG26 VEH F P57_17,
TY02 17314 TG26 VEH F P57_42,
TY02 17309 TG26 VEH M P57_35,
TY02 17317 TG26 VEH F P57_182,
TY02 17341 TG26 VEH M P57_105,
TY02 17312 TG26 VEH F P57_87,
TY02 17317 TG26 VEH F P57_142,
TY02 17339 TG26 VEH F P57_71,
TY02 17310 TG26 VEH M P57_96,
TY02 17317 TG26 VEH F P57_121,
TY02 17309 TG26 VEH M P57_9,
TY02 17317 TG26 VEH F P57_203,
TY02 17309 TG26 VEH M P57_5,
TY02 17313 TG26 VEH F P57_32,
TY02 17309 TG26 VEH M P57_62,
TY02 17309 TG26 VEH M P57_16,
TY02 17309 TG26 VEH M P57_53,
TY02 17310 TG26 VEH M P57_50,
TY02 17310 TG26 VEH M P57_179,
TY02 17339 TG26 VEH F P57_100,
TY02 17317 TG26 VEH F P57_30,
TY02 17309 TG26 VEH M P57_6,
TY02 17341 TG26 VEH M P57_150,
TY02 17313 TG26 VEH F P57_14,
TY02 17309 TG26 VEH M P57_8,
TY02 17315 TG26 VEH F P57_160,
TY02 17338 TG26 VEH F P57_73,
TY02 17341 TG26 VEH M P57_50,
TY02 17339 TG26 VEH F P57_67,
TY02 17313 TG26 VEH F P57_126,
TY02 17339 TG26 VEH F P57_102,
TY02 17312 TG26 VEH F P57_59,
TY02 17341 TG26 VEH M P57_121,
TY02 17339 TG26 VEH F P57_112,
TY02 17312 TG26 VEH F P57_43,
TY02 17339 TG26 VEH F P57_58,
TY02 17310 TG26 VEH M P57_154,
TY02 17341 TG26 VEH M P57_17,
TY02 17312 TG26 VEH F P57_114,
TY02 17314 TG26 VEH F P57_100,
TY02 17312 TG26 VEH F P57_132,
TY02 17317 TG26 VEH F P57_93,
TY02 17312 TG26 VEH F P57_96,
TY02 17312 TG26 VEH F P57_80,
TY02 17338 TG26 VEH F P57_51,
TY02 17315 TG26 VEH F P57_31,
TY02 17339 TG26 VEH F P57_147,
TY02 17338 TG26 VEH F P57_27,
TY02 17362 TG26 VEH M P57_42,
TY02 17317 TG26 VEH F P57_86,
TY02 17341 TG26 VEH M P57_51,
TY02 17312 TG26 VEH F P57_6,
TY02 17338 TG26 VEH F P57_54,
TY02 17315 TG26 VEH F P57_57,
TY02 17314 TG26 VEH F P57_78,
TY02 17338 TG26 VEH F P57_32,
TY02 17314 TG26 VEH F P57_50,
TY02 17314 TG26 VEH F P57_82,
TY02 17313 TG26 VEH F P57_114,
TY02 17315 TG26 VEH F P57_99,
TY02 17310 TG26 VEH M P57_46,
TY02 17338 TG26 VEH F P57_71,
TY02 17341 TG26 VEH M P57_123,
TY02 17317 TG26 VEH F P57_188,
TY02 17339 TG26 VEH F P57_37,
TY02 17312 TG26 VEH F P57_105,
TY02 17315 TG26 VEH F P57_60,
